{"cameraMode":{"drawMode":0,"name":"Shaded","section":"Shading Mode"},"sceneLighting":false,"audioPlay":false,"sceneViewState":{"m_AlwaysRefresh":false,"showFog":true,"showSkybox":false,"showFlares":true,"showImageEffects":true,"showParticleSystems":true,"showVisualEffectGraphs":true,"m_FxEnabled":true},"in2DMode":false,"pivot":{"x":0.8148956298828125,"y":-0.9024925231933594,"z":-0.4978675842285156},"rotation":{"x":-0.07119745016098023,"y":0.8928349018096924,"z":-0.15164092183113099,"w":-0.41815847158432009},"size":53.03300857543945,"orthographic":false}