{"cameraMode":{"drawMode":0,"name":"Shaded","section":"Shading Mode"},"sceneLighting":false,"audioPlay":false,"sceneViewState":{"m_AlwaysRefresh":false,"showFog":true,"showSkybox":true,"showFlares":true,"showImageEffects":true,"showParticleSystems":true,"showVisualEffectGraphs":true,"m_FxEnabled":true},"in2DMode":false,"pivot":{"x":31.095375061035158,"y":3.532496690750122,"z":47.654640197753909},"rotation":{"x":-0.006076648831367493,"y":0.9933273196220398,"z":-0.09747985750436783,"w":-0.06381750106811524},"size":0.35889413952827456,"orthographic":false}